USE Kuznetsov_Efimov_P_36;
INSERT INTO Groops VALUES
('А-10'),('Б-20'),('В-30'),('Г-40'),('Д-50'),
('Е-60'),('Ж-70'),('З-80'),('И-90'),('К-00');
INSERT INTO Spec VALUES
('Врач'),('Программист'),('Дизайнер'),('Педагог'),('Маркетолог'),
('Юрист'),('Переводчик'),('Логист'),('Архитектор'),('Инженер');
INSERT INTO Students VALUES
('001','Молчанова','Вероника ','Павловна','А-10'),   ('002','Сальников ','Константин ','Алексеевич','А-10'),
('003','Львова ','Карина ','Александровна','А-10'),  ('004','Мартынов ','Кирилл ','Матвеевич','Б-20'),
('005','Ковалев ','Ярослав ','Егорович','Б-20'),     ('006','Гончаров ','Максим ','Максимович','Б-20'),
('007','Федотова ','Елизавета ','Георгиевна','В-30'),('008','Иванов ','Алексей ','Маркович','В-30'),
('009','Панов ','Макар ','Тимурович','В-30'),        ('010','Яковлев','Валерий ','Денисович','Г-40'),
('011','Иванова ','Дарья ','Ибрагимовна','Г-40'),    ('012','Игнатьева ','Вероника ','Максимовна','Г-40'),
('013','Иванова ','Мия ','Максимовна','Д-50'),       ('014','Ковалев ','Константин ','Михайлович','Д-50'),
('015','Григорьев ','Георгий ','Иванович','Д-50'),   ('016','Евсеев ','Давид ','Серафимович','Е-60'),
('017','Захарова ','Виктория ','Данииловна','Е-60'), ('018','Одинцова ','Мария ','Фёдоровна','Е-60'),
('019','Моисеева ','Амира ','Фёдоровна','Ж-70'),     ('020','Васильева ','Элина ','Андреевна','Ж-70'),
('021','Емельянова ','Оливия ','Глебовна','Ж-70'),   ('022','Николаева ','Оливия ','Данииловна','З-80'),
('023','Дьяконов ','Платон ','Ильич','З-80'),        ('024','Олейников ','Мирон ','Петрович','З-80'),
('025','Никулин ','Дмитрий ','Львович','И-90'),      ('026','Макарова ','Полина ','Александровна','И-90'),
('027','Белова ','София ','Константиновна','И-90'),  ('028','Максимова','Алиса ','Алексеевна','К-00'),
('029','Иванова ','Виктория ','Романовна','К-00'),   ('030','Виноградов ','Виктор ','Евгеньевич','К-00');
INSERT INTO Sessia VALUES
('001','Анатомия','2022-06-02',5),('002','Анатомия','2022-06-03',4),('003','Анатомия','2022-06-04',3),
('004','Программирование','2022-06-02',5),('005','Программирование','2022-06-03',4),('006','Программирование','2022-06-04',3),
('007','Дизайн','2022-06-02',5),('008','Дизайн','2022-06-03',4),('009','Дизайн','2022-06-04',3),
('010','Педагогика','2022-06-02',5),('011','Педагогика','2022-06-03',4),('012','Педагогика','2022-06-04',3),
('013','Маркетология','2022-06-02',5),('014','Маркетология','2022-06-03',4),('015','Маркетология','2022-06-04',3),
('016','Юриспруденция','2022-06-02',5),('017','Юриспруденция','2022-06-03',4),('018','Юриспруденция','2022-06-04',3),
('019','Иностранный язык','2022-06-02',5),('020','Иностранный язык','2022-06-03',4),('021','Иностранный язык','2022-06-04',3),
('022','Логистика','2022-06-02',5),('023','Логистика','2022-06-03',4),('024','Логистика','2022-06-04',3),
('025','Архитектура','2022-06-02',5),('026','Архитектура','2022-06-03',4),('027','Архитектура','2022-06-04',3),
('028','Инженерия','2022-06-02',5),('029','Инженерия','2022-06-03',4),('030','Инженерия','2022-06-04',3);
INSERT INTO uch_plan VALUES
('Анатомия'),('Программирование'),('Дизайн'),('Педагогика'),('Маркетология'),
('Юриспруденция'),('Иностранный язык'),('Логистика'),('Архитектура'),('Инженерия');
